"ID";"Geslacht";"LeeftijdOp31December";"Geboorteland";"BurgerlijkeStaat";"Perioden";"Immigratie_1"
"1058";"T001038";"10000";"G008533";"1010   ";"1995JJ00";"    1266"
"1059";"T001038";"10000";"G008533";"1010   ";"1996JJ00";"    2409"
"1060";"T001038";"10000";"G008533";"1010   ";"1997JJ00";"    3055"
"1061";"T001038";"10000";"G008533";"1010   ";"1998JJ00";"    3344"
"1062";"T001038";"10000";"G008533";"1010   ";"1999JJ00";"    4745"
"1063";"T001038";"10000";"G008533";"1010   ";"2000JJ00";"    3871"
"1064";"T001038";"10000";"G008533";"1010   ";"2001JJ00";"    3609"
"1065";"T001038";"10000";"G008533";"1010   ";"2002JJ00";"    2273"
"1066";"T001038";"10000";"G008533";"1010   ";"2003JJ00";"    1434"
"1067";"T001038";"10000";"G008533";"1010   ";"2004JJ00";"     596"
"1068";"T001038";"10000";"G008533";"1010   ";"2005JJ00";"     529"
"1069";"T001038";"10000";"G008533";"1010   ";"2006JJ00";"     408"
"1070";"T001038";"10000";"G008533";"1010   ";"2007JJ00";"     337"
"1071";"T001038";"10000";"G008533";"1010   ";"2008JJ00";"     383"
"1072";"T001038";"10000";"G008533";"1010   ";"2009JJ00";"     778"
"1073";"T001038";"10000";"G008533";"1010   ";"2010JJ00";"    1218"
"1074";"T001038";"10000";"G008533";"1010   ";"2011JJ00";"    1251"
"1075";"T001038";"10000";"G008533";"1010   ";"2012JJ00";"     975"
"1076";"T001038";"10000";"G008533";"1010   ";"2013JJ00";"     838"
"1077";"T001038";"10000";"G008533";"1010   ";"2014JJ00";"     608"
"1078";"T001038";"10000";"G008533";"1010   ";"2015JJ00";"     607"
"1079";"T001038";"10000";"G008533";"1010   ";"2016JJ00";"    1683"
"1080";"T001038";"10000";"G008533";"1010   ";"2017JJ00";"     783"
"1081";"T001038";"10000";"G008533";"1020   ";"1995JJ00";"     204"
"1082";"T001038";"10000";"G008533";"1020   ";"1996JJ00";"     417"
"1083";"T001038";"10000";"G008533";"1020   ";"1997JJ00";"     569"
"1084";"T001038";"10000";"G008533";"1020   ";"1998JJ00";"     557"
"1085";"T001038";"10000";"G008533";"1020   ";"1999JJ00";"     709"
"1086";"T001038";"10000";"G008533";"1020   ";"2000JJ00";"     699"
"1087";"T001038";"10000";"G008533";"1020   ";"2001JJ00";"     832"
"1088";"T001038";"10000";"G008533";"1020   ";"2002JJ00";"     519"
"1089";"T001038";"10000";"G008533";"1020   ";"2003JJ00";"     386"
"1090";"T001038";"10000";"G008533";"1020   ";"2004JJ00";"     260"
"1091";"T001038";"10000";"G008533";"1020   ";"2005JJ00";"     236"
"1092";"T001038";"10000";"G008533";"1020   ";"2006JJ00";"     228"
"1093";"T001038";"10000";"G008533";"1020   ";"2007JJ00";"     177"
"1094";"T001038";"10000";"G008533";"1020   ";"2008JJ00";"     227"
"1095";"T001038";"10000";"G008533";"1020   ";"2009JJ00";"     306"
"1096";"T001038";"10000";"G008533";"1020   ";"2010JJ00";"     431"
"1097";"T001038";"10000";"G008533";"1020   ";"2011JJ00";"     482"
"1098";"T001038";"10000";"G008533";"1020   ";"2012JJ00";"     352"
"1099";"T001038";"10000";"G008533";"1020   ";"2013JJ00";"     395"
"1100";"T001038";"10000";"G008533";"1020   ";"2014JJ00";"     283"
"1101";"T001038";"10000";"G008533";"1020   ";"2015JJ00";"     338"
"1102";"T001038";"10000";"G008533";"1020   ";"2016JJ00";"     692"
"1103";"T001038";"10000";"G008533";"1020   ";"2017JJ00";"     378"
"1104";"T001038";"10000";"G008533";"1050   ";"1995JJ00";"      10"
"1105";"T001038";"10000";"G008533";"1050   ";"1996JJ00";"      22"
"1106";"T001038";"10000";"G008533";"1050   ";"1997JJ00";"      39"
"1107";"T001038";"10000";"G008533";"1050   ";"1998JJ00";"      32"
"1108";"T001038";"10000";"G008533";"1050   ";"1999JJ00";"      49"
"1109";"T001038";"10000";"G008533";"1050   ";"2000JJ00";"      36"
"1110";"T001038";"10000";"G008533";"1050   ";"2001JJ00";"      32"
"1111";"T001038";"10000";"G008533";"1050   ";"2002JJ00";"      27"
"1112";"T001038";"10000";"G008533";"1050   ";"2003JJ00";"      16"
"1113";"T001038";"10000";"G008533";"1050   ";"2004JJ00";"       7"
"1114";"T001038";"10000";"G008533";"1050   ";"2005JJ00";"       6"
"1115";"T001038";"10000";"G008533";"1050   ";"2006JJ00";"       6"
"1116";"T001038";"10000";"G008533";"1050   ";"2007JJ00";"       2"
"1117";"T001038";"10000";"G008533";"1050   ";"2008JJ00";"       1"
"1118";"T001038";"10000";"G008533";"1050   ";"2009JJ00";"       2"
"1119";"T001038";"10000";"G008533";"1050   ";"2010JJ00";"      14"
"1120";"T001038";"10000";"G008533";"1050   ";"2011JJ00";"      21"
"1121";"T001038";"10000";"G008533";"1050   ";"2012JJ00";"      18"
"1122";"T001038";"10000";"G008533";"1050   ";"2013JJ00";"      11"
"1123";"T001038";"10000";"G008533";"1050   ";"2014JJ00";"       8"
"1124";"T001038";"10000";"G008533";"1050   ";"2015JJ00";"      11"
"1125";"T001038";"10000";"G008533";"1050   ";"2016JJ00";"      44"
"1126";"T001038";"10000";"G008533";"1050   ";"2017JJ00";"      22"
"1127";"T001038";"10000";"G008533";"1080   ";"1995JJ00";"       0"
"1128";"T001038";"10000";"G008533";"1080   ";"1996JJ00";"       0"
"1129";"T001038";"10000";"G008533";"1080   ";"1997JJ00";"       1"
"1130";"T001038";"10000";"G008533";"1080   ";"1998JJ00";"       3"
"1131";"T001038";"10000";"G008533";"1080   ";"1999JJ00";"       3"
"1132";"T001038";"10000";"G008533";"1080   ";"2000JJ00";"       4"
"1133";"T001038";"10000";"G008533";"1080   ";"2001JJ00";"       0"
"1134";"T001038";"10000";"G008533";"1080   ";"2002JJ00";"       5"
"1135";"T001038";"10000";"G008533";"1080   ";"2003JJ00";"       2"
"1136";"T001038";"10000";"G008533";"1080   ";"2004JJ00";"       2"
"1137";"T001038";"10000";"G008533";"1080   ";"2005JJ00";"       2"
"1138";"T001038";"10000";"G008533";"1080   ";"2006JJ00";"       6"
"1139";"T001038";"10000";"G008533";"1080   ";"2007JJ00";"       5"
"1140";"T001038";"10000";"G008533";"1080   ";"2008JJ00";"       9"
"1141";"T001038";"10000";"G008533";"1080   ";"2009JJ00";"       8"
"1142";"T001038";"10000";"G008533";"1080   ";"2010JJ00";"      16"
"1143";"T001038";"10000";"G008533";"1080   ";"2011JJ00";"      14"
"1144";"T001038";"10000";"G008533";"1080   ";"2012JJ00";"       9"
"1145";"T001038";"10000";"G008533";"1080   ";"2013JJ00";"      15"
"1146";"T001038";"10000";"G008533";"1080   ";"2014JJ00";"      11"
"1147";"T001038";"10000";"G008533";"1080   ";"2015JJ00";"      14"
"1148";"T001038";"10000";"G008533";"1080   ";"2016JJ00";"      17"
"1149";"T001038";"10000";"G008533";"1080   ";"2017JJ00";"      18"
"3933";"T001038";"10000";"G008559";"1010   ";"1995JJ00";"     213"
"3934";"T001038";"10000";"G008559";"1010   ";"1996JJ00";"     126"
"3935";"T001038";"10000";"G008559";"1010   ";"1997JJ00";"      53"
"3936";"T001038";"10000";"G008559";"1010   ";"1998JJ00";"      34"
"3937";"T001038";"10000";"G008559";"1010   ";"1999JJ00";"      98"
"3938";"T001038";"10000";"G008559";"1010   ";"2000JJ00";"     127"
"3939";"T001038";"10000";"G008559";"1010   ";"2001JJ00";"      79"
"3940";"T001038";"10000";"G008559";"1010   ";"2002JJ00";"      56"
"3941";"T001038";"10000";"G008559";"1010   ";"2003JJ00";"      45"
"3942";"T001038";"10000";"G008559";"1010   ";"2004JJ00";"      22"
"3943";"T001038";"10000";"G008559";"1010   ";"2005JJ00";"      19"
"3944";"T001038";"10000";"G008559";"1010   ";"2006JJ00";"      21"
"3945";"T001038";"10000";"G008559";"1010   ";"2007JJ00";"      18"
"3946";"T001038";"10000";"G008559";"1010   ";"2008JJ00";"      16"
"3947";"T001038";"10000";"G008559";"1010   ";"2009JJ00";"      24"
"3948";"T001038";"10000";"G008559";"1010   ";"2010JJ00";"      24"
"3949";"T001038";"10000";"G008559";"1010   ";"2011JJ00";"      22"
"3950";"T001038";"10000";"G008559";"1010   ";"2012JJ00";"      34"
"3951";"T001038";"10000";"G008559";"1010   ";"2013JJ00";"      50"
"3952";"T001038";"10000";"G008559";"1010   ";"2014JJ00";"      43"
"3953";"T001038";"10000";"G008559";"1010   ";"2015JJ00";"      53"
"3954";"T001038";"10000";"G008559";"1010   ";"2016JJ00";"      68"
"3955";"T001038";"10000";"G008559";"1010   ";"2017JJ00";"      64"
"3956";"T001038";"10000";"G008559";"1020   ";"1995JJ00";"       5"
"3957";"T001038";"10000";"G008559";"1020   ";"1996JJ00";"      11"
"3958";"T001038";"10000";"G008559";"1020   ";"1997JJ00";"       0"
"3959";"T001038";"10000";"G008559";"1020   ";"1998JJ00";"       0"
"3960";"T001038";"10000";"G008559";"1020   ";"1999JJ00";"       3"
"3961";"T001038";"10000";"G008559";"1020   ";"2000JJ00";"       0"
"3962";"T001038";"10000";"G008559";"1020   ";"2001JJ00";"       1"
"3963";"T001038";"10000";"G008559";"1020   ";"2002JJ00";"       0"
"3964";"T001038";"10000";"G008559";"1020   ";"2003JJ00";"       0"
"3965";"T001038";"10000";"G008559";"1020   ";"2004JJ00";"       1"
"3966";"T001038";"10000";"G008559";"1020   ";"2005JJ00";"       0"
"3967";"T001038";"10000";"G008559";"1020   ";"2006JJ00";"       0"
"3968";"T001038";"10000";"G008559";"1020   ";"2007JJ00";"       1"
"3969";"T001038";"10000";"G008559";"1020   ";"2008JJ00";"       1"
"3970";"T001038";"10000";"G008559";"1020   ";"2009JJ00";"       0"
"3971";"T001038";"10000";"G008559";"1020   ";"2010JJ00";"       1"
"3972";"T001038";"10000";"G008559";"1020   ";"2011JJ00";"       1"
"3973";"T001038";"10000";"G008559";"1020   ";"2012JJ00";"       1"
"3974";"T001038";"10000";"G008559";"1020   ";"2013JJ00";"       2"
"3975";"T001038";"10000";"G008559";"1020   ";"2014JJ00";"       2"
"3976";"T001038";"10000";"G008559";"1020   ";"2015JJ00";"       2"
"3977";"T001038";"10000";"G008559";"1020   ";"2016JJ00";"      11"
"3978";"T001038";"10000";"G008559";"1020   ";"2017JJ00";"       8"
"3979";"T001038";"10000";"G008559";"1050   ";"1995JJ00";"       1"
"3980";"T001038";"10000";"G008559";"1050   ";"1996JJ00";"       0"
"3981";"T001038";"10000";"G008559";"1050   ";"1997JJ00";"       1"
"3982";"T001038";"10000";"G008559";"1050   ";"1998JJ00";"       0"
"3983";"T001038";"10000";"G008559";"1050   ";"1999JJ00";"       0"
"3984";"T001038";"10000";"G008559";"1050   ";"2000JJ00";"       0"
"3985";"T001038";"10000";"G008559";"1050   ";"2001JJ00";"       0"
"3986";"T001038";"10000";"G008559";"1050   ";"2002JJ00";"       0"
"3987";"T001038";"10000";"G008559";"1050   ";"2003JJ00";"       0"
"3988";"T001038";"10000";"G008559";"1050   ";"2004JJ00";"       0"
"3989";"T001038";"10000";"G008559";"1050   ";"2005JJ00";"       0"
"3990";"T001038";"10000";"G008559";"1050   ";"2006JJ00";"       0"
"3991";"T001038";"10000";"G008559";"1050   ";"2007JJ00";"       0"
"3992";"T001038";"10000";"G008559";"1050   ";"2008JJ00";"       0"
"3993";"T001038";"10000";"G008559";"1050   ";"2009JJ00";"       0"
"3994";"T001038";"10000";"G008559";"1050   ";"2010JJ00";"       0"
"3995";"T001038";"10000";"G008559";"1050   ";"2011JJ00";"       0"
"3996";"T001038";"10000";"G008559";"1050   ";"2012JJ00";"       0"
"3997";"T001038";"10000";"G008559";"1050   ";"2013JJ00";"       0"
"3998";"T001038";"10000";"G008559";"1050   ";"2014JJ00";"       0"
"3999";"T001038";"10000";"G008559";"1050   ";"2015JJ00";"       0"
"4000";"T001038";"10000";"G008559";"1050   ";"2016JJ00";"       0"
"4001";"T001038";"10000";"G008559";"1050   ";"2017JJ00";"       0"
"4002";"T001038";"10000";"G008559";"1080   ";"1995JJ00";"       3"
"4003";"T001038";"10000";"G008559";"1080   ";"1996JJ00";"       0"
"4004";"T001038";"10000";"G008559";"1080   ";"1997JJ00";"       0"
"4005";"T001038";"10000";"G008559";"1080   ";"1998JJ00";"       0"
"4006";"T001038";"10000";"G008559";"1080   ";"1999JJ00";"       0"
"4007";"T001038";"10000";"G008559";"1080   ";"2000JJ00";"       0"
"4008";"T001038";"10000";"G008559";"1080   ";"2001JJ00";"       0"
"4009";"T001038";"10000";"G008559";"1080   ";"2002JJ00";"       0"
"4010";"T001038";"10000";"G008559";"1080   ";"2003JJ00";"       0"
"4011";"T001038";"10000";"G008559";"1080   ";"2004JJ00";"       0"
"4012";"T001038";"10000";"G008559";"1080   ";"2005JJ00";"       0"
"4013";"T001038";"10000";"G008559";"1080   ";"2006JJ00";"       0"
"4014";"T001038";"10000";"G008559";"1080   ";"2007JJ00";"       0"
"4015";"T001038";"10000";"G008559";"1080   ";"2008JJ00";"       0"
"4016";"T001038";"10000";"G008559";"1080   ";"2009JJ00";"       0"
"4017";"T001038";"10000";"G008559";"1080   ";"2010JJ00";"       0"
"4018";"T001038";"10000";"G008559";"1080   ";"2011JJ00";"       0"
"4019";"T001038";"10000";"G008559";"1080   ";"2012JJ00";"       0"
"4020";"T001038";"10000";"G008559";"1080   ";"2013JJ00";"       0"
"4021";"T001038";"10000";"G008559";"1080   ";"2014JJ00";"       0"
"4022";"T001038";"10000";"G008559";"1080   ";"2015JJ00";"       0"
"4023";"T001038";"10000";"G008559";"1080   ";"2016JJ00";"       0"
"4024";"T001038";"10000";"G008559";"1080   ";"2017JJ00";"       0"
"5658";"T001038";"10000";"G008575";"1010   ";"1995JJ00";"    1216"
"5659";"T001038";"10000";"G008575";"1010   ";"1996JJ00";"    1247"
"5660";"T001038";"10000";"G008575";"1010   ";"1997JJ00";"    1532"
"5661";"T001038";"10000";"G008575";"1010   ";"1998JJ00";"    1657"
"5662";"T001038";"10000";"G008575";"1010   ";"1999JJ00";"    1600"
"5663";"T001038";"10000";"G008575";"1010   ";"2000JJ00";"    2336"
"5664";"T001038";"10000";"G008575";"1010   ";"2001JJ00";"    3286"
"5665";"T001038";"10000";"G008575";"1010   ";"2002JJ00";"    3523"
"5666";"T001038";"10000";"G008575";"1010   ";"2003JJ00";"    3609"
"5667";"T001038";"10000";"G008575";"1010   ";"2004JJ00";"    3134"
"5668";"T001038";"10000";"G008575";"1010   ";"2005JJ00";"    2776"
"5669";"T001038";"10000";"G008575";"1010   ";"2006JJ00";"    2601"
"5670";"T001038";"10000";"G008575";"1010   ";"2007JJ00";"    3194"
"5671";"T001038";"10000";"G008575";"1010   ";"2008JJ00";"    4199"
"5672";"T001038";"10000";"G008575";"1010   ";"2009JJ00";"    4261"
"5673";"T001038";"10000";"G008575";"1010   ";"2010JJ00";"    4262"
"5674";"T001038";"10000";"G008575";"1010   ";"2011JJ00";"    4995"
"5675";"T001038";"10000";"G008575";"1010   ";"2012JJ00";"    4802"
"5676";"T001038";"10000";"G008575";"1010   ";"2013JJ00";"    4258"
"5677";"T001038";"10000";"G008575";"1010   ";"2014JJ00";"    4277"
"5678";"T001038";"10000";"G008575";"1010   ";"2015JJ00";"    4829"
"5679";"T001038";"10000";"G008575";"1010   ";"2016JJ00";"    4956"
"5680";"T001038";"10000";"G008575";"1010   ";"2017JJ00";"    5610"
"5681";"T001038";"10000";"G008575";"1020   ";"1995JJ00";"     238"
"5682";"T001038";"10000";"G008575";"1020   ";"1996JJ00";"     244"
"5683";"T001038";"10000";"G008575";"1020   ";"1997JJ00";"     216"
"5684";"T001038";"10000";"G008575";"1020   ";"1998JJ00";"     239"
"5685";"T001038";"10000";"G008575";"1020   ";"1999JJ00";"     226"
"5686";"T001038";"10000";"G008575";"1020   ";"2000JJ00";"     277"
"5687";"T001038";"10000";"G008575";"1020   ";"2001JJ00";"     338"
"5688";"T001038";"10000";"G008575";"1020   ";"2002JJ00";"     381"
"5689";"T001038";"10000";"G008575";"1020   ";"2003JJ00";"     381"
"5690";"T001038";"10000";"G008575";"1020   ";"2004JJ00";"     358"
"5691";"T001038";"10000";"G008575";"1020   ";"2005JJ00";"     351"
"5692";"T001038";"10000";"G008575";"1020   ";"2006JJ00";"     406"
"5693";"T001038";"10000";"G008575";"1020   ";"2007JJ00";"     436"
"5694";"T001038";"10000";"G008575";"1020   ";"2008JJ00";"     522"
"5695";"T001038";"10000";"G008575";"1020   ";"2009JJ00";"     538"
"5696";"T001038";"10000";"G008575";"1020   ";"2010JJ00";"     710"
"5697";"T001038";"10000";"G008575";"1020   ";"2011JJ00";"     877"
"5698";"T001038";"10000";"G008575";"1020   ";"2012JJ00";"     765"
"5699";"T001038";"10000";"G008575";"1020   ";"2013JJ00";"     838"
"5700";"T001038";"10000";"G008575";"1020   ";"2014JJ00";"     866"
"5701";"T001038";"10000";"G008575";"1020   ";"2015JJ00";"     833"
"5702";"T001038";"10000";"G008575";"1020   ";"2016JJ00";"     950"
"5703";"T001038";"10000";"G008575";"1020   ";"2017JJ00";"    1029"
"5704";"T001038";"10000";"G008575";"1050   ";"1995JJ00";"       3"
"5705";"T001038";"10000";"G008575";"1050   ";"1996JJ00";"       5"
"5706";"T001038";"10000";"G008575";"1050   ";"1997JJ00";"       5"
"5707";"T001038";"10000";"G008575";"1050   ";"1998JJ00";"       3"
"5708";"T001038";"10000";"G008575";"1050   ";"1999JJ00";"       4"
"5709";"T001038";"10000";"G008575";"1050   ";"2000JJ00";"       3"
"5710";"T001038";"10000";"G008575";"1050   ";"2001JJ00";"       2"
"5711";"T001038";"10000";"G008575";"1050   ";"2002JJ00";"       4"
"5712";"T001038";"10000";"G008575";"1050   ";"2003JJ00";"       6"
"5713";"T001038";"10000";"G008575";"1050   ";"2004JJ00";"       3"
"5714";"T001038";"10000";"G008575";"1050   ";"2005JJ00";"       7"
"5715";"T001038";"10000";"G008575";"1050   ";"2006JJ00";"       2"
"5716";"T001038";"10000";"G008575";"1050   ";"2007JJ00";"       4"
"5717";"T001038";"10000";"G008575";"1050   ";"2008JJ00";"       7"
"5718";"T001038";"10000";"G008575";"1050   ";"2009JJ00";"       4"
"5719";"T001038";"10000";"G008575";"1050   ";"2010JJ00";"       6"
"5720";"T001038";"10000";"G008575";"1050   ";"2011JJ00";"       7"
"5721";"T001038";"10000";"G008575";"1050   ";"2012JJ00";"       4"
"5722";"T001038";"10000";"G008575";"1050   ";"2013JJ00";"       4"
"5723";"T001038";"10000";"G008575";"1050   ";"2014JJ00";"       3"
"5724";"T001038";"10000";"G008575";"1050   ";"2015JJ00";"       2"
"5725";"T001038";"10000";"G008575";"1050   ";"2016JJ00";"       1"
"5726";"T001038";"10000";"G008575";"1050   ";"2017JJ00";"       3"
"5727";"T001038";"10000";"G008575";"1080   ";"1995JJ00";"       7"
"5728";"T001038";"10000";"G008575";"1080   ";"1996JJ00";"      20"
"5729";"T001038";"10000";"G008575";"1080   ";"1997JJ00";"      35"
"5730";"T001038";"10000";"G008575";"1080   ";"1998JJ00";"      43"
"5731";"T001038";"10000";"G008575";"1080   ";"1999JJ00";"      20"
"5732";"T001038";"10000";"G008575";"1080   ";"2000JJ00";"      16"
"5733";"T001038";"10000";"G008575";"1080   ";"2001JJ00";"      21"
"5734";"T001038";"10000";"G008575";"1080   ";"2002JJ00";"      40"
"5735";"T001038";"10000";"G008575";"1080   ";"2003JJ00";"      29"
"5736";"T001038";"10000";"G008575";"1080   ";"2004JJ00";"      27"
"5737";"T001038";"10000";"G008575";"1080   ";"2005JJ00";"      46"
"5738";"T001038";"10000";"G008575";"1080   ";"2006JJ00";"      44"
"5739";"T001038";"10000";"G008575";"1080   ";"2007JJ00";"      33"
"5740";"T001038";"10000";"G008575";"1080   ";"2008JJ00";"      44"
"5741";"T001038";"10000";"G008575";"1080   ";"2009JJ00";"      38"
"5742";"T001038";"10000";"G008575";"1080   ";"2010JJ00";"      58"
"5743";"T001038";"10000";"G008575";"1080   ";"2011JJ00";"      80"
"5744";"T001038";"10000";"G008575";"1080   ";"2012JJ00";"      54"
"5745";"T001038";"10000";"G008575";"1080   ";"2013JJ00";"      50"
"5746";"T001038";"10000";"G008575";"1080   ";"2014JJ00";"      44"
"5747";"T001038";"10000";"G008575";"1080   ";"2015JJ00";"      41"
"5748";"T001038";"10000";"G008575";"1080   ";"2016JJ00";"      68"
"5749";"T001038";"10000";"G008575";"1080   ";"2017JJ00";"      82"
"7843";"T001038";"10000";"G008597";"1010   ";"1995JJ00";"      11"
"7844";"T001038";"10000";"G008597";"1010   ";"1996JJ00";"      29"
"7845";"T001038";"10000";"G008597";"1010   ";"1997JJ00";"      53"
"7846";"T001038";"10000";"G008597";"1010   ";"1998JJ00";"      44"
"7847";"T001038";"10000";"G008597";"1010   ";"1999JJ00";"      36"
"7848";"T001038";"10000";"G008597";"1010   ";"2000JJ00";"      75"
"7849";"T001038";"10000";"G008597";"1010   ";"2001JJ00";"      85"
"7850";"T001038";"10000";"G008597";"1010   ";"2002JJ00";"      83"
"7851";"T001038";"10000";"G008597";"1010   ";"2003JJ00";"      64"
"7852";"T001038";"10000";"G008597";"1010   ";"2004JJ00";"      71"
"7853";"T001038";"10000";"G008597";"1010   ";"2005JJ00";"      59"
"7854";"T001038";"10000";"G008597";"1010   ";"2006JJ00";"      65"
"7855";"T001038";"10000";"G008597";"1010   ";"2007JJ00";"     108"
"7856";"T001038";"10000";"G008597";"1010   ";"2008JJ00";"     117"
"7857";"T001038";"10000";"G008597";"1010   ";"2009JJ00";"     192"
"7858";"T001038";"10000";"G008597";"1010   ";"2010JJ00";"     242"
"7859";"T001038";"10000";"G008597";"1010   ";"2011JJ00";"     254"
"7860";"T001038";"10000";"G008597";"1010   ";"2012JJ00";"     163"
"7861";"T001038";"10000";"G008597";"1010   ";"2013JJ00";"     379"
"7862";"T001038";"10000";"G008597";"1010   ";"2014JJ00";"    1737"
"7863";"T001038";"10000";"G008597";"1010   ";"2015JJ00";"    2624"
"7864";"T001038";"10000";"G008597";"1010   ";"2016JJ00";"    2683"
"7865";"T001038";"10000";"G008597";"1010   ";"2017JJ00";"    2836"
"7866";"T001038";"10000";"G008597";"1020   ";"1995JJ00";"       0"
"7867";"T001038";"10000";"G008597";"1020   ";"1996JJ00";"       0"
"7868";"T001038";"10000";"G008597";"1020   ";"1997JJ00";"       4"
"7869";"T001038";"10000";"G008597";"1020   ";"1998JJ00";"       5"
"7870";"T001038";"10000";"G008597";"1020   ";"1999JJ00";"       5"
"7871";"T001038";"10000";"G008597";"1020   ";"2000JJ00";"      12"
"7872";"T001038";"10000";"G008597";"1020   ";"2001JJ00";"       8"
"7873";"T001038";"10000";"G008597";"1020   ";"2002JJ00";"      14"
"7874";"T001038";"10000";"G008597";"1020   ";"2003JJ00";"      10"
"7875";"T001038";"10000";"G008597";"1020   ";"2004JJ00";"      16"
"7876";"T001038";"10000";"G008597";"1020   ";"2005JJ00";"      10"
"7877";"T001038";"10000";"G008597";"1020   ";"2006JJ00";"       6"
"7878";"T001038";"10000";"G008597";"1020   ";"2007JJ00";"       8"
"7879";"T001038";"10000";"G008597";"1020   ";"2008JJ00";"       5"
"7880";"T001038";"10000";"G008597";"1020   ";"2009JJ00";"      19"
"7881";"T001038";"10000";"G008597";"1020   ";"2010JJ00";"      46"
"7882";"T001038";"10000";"G008597";"1020   ";"2011JJ00";"      50"
"7883";"T001038";"10000";"G008597";"1020   ";"2012JJ00";"      62"
"7884";"T001038";"10000";"G008597";"1020   ";"2013JJ00";"      76"
"7885";"T001038";"10000";"G008597";"1020   ";"2014JJ00";"     343"
"7886";"T001038";"10000";"G008597";"1020   ";"2015JJ00";"     683"
"7887";"T001038";"10000";"G008597";"1020   ";"2016JJ00";"     503"
"7888";"T001038";"10000";"G008597";"1020   ";"2017JJ00";"     215"
"7889";"T001038";"10000";"G008597";"1050   ";"1995JJ00";"       0"
"7890";"T001038";"10000";"G008597";"1050   ";"1996JJ00";"       0"
"7891";"T001038";"10000";"G008597";"1050   ";"1997JJ00";"       0"
"7892";"T001038";"10000";"G008597";"1050   ";"1998JJ00";"       0"
"7893";"T001038";"10000";"G008597";"1050   ";"1999JJ00";"       1"
"7894";"T001038";"10000";"G008597";"1050   ";"2000JJ00";"       0"
"7895";"T001038";"10000";"G008597";"1050   ";"2001JJ00";"       0"
"7896";"T001038";"10000";"G008597";"1050   ";"2002JJ00";"       0"
"7897";"T001038";"10000";"G008597";"1050   ";"2003JJ00";"       1"
"7898";"T001038";"10000";"G008597";"1050   ";"2004JJ00";"       1"
"7899";"T001038";"10000";"G008597";"1050   ";"2005JJ00";"       0"
"7900";"T001038";"10000";"G008597";"1050   ";"2006JJ00";"       1"
"7901";"T001038";"10000";"G008597";"1050   ";"2007JJ00";"       1"
"7902";"T001038";"10000";"G008597";"1050   ";"2008JJ00";"       0"
"7903";"T001038";"10000";"G008597";"1050   ";"2009JJ00";"       3"
"7904";"T001038";"10000";"G008597";"1050   ";"2010JJ00";"       1"
"7905";"T001038";"10000";"G008597";"1050   ";"2011JJ00";"       3"
"7906";"T001038";"10000";"G008597";"1050   ";"2012JJ00";"       1"
"7907";"T001038";"10000";"G008597";"1050   ";"2013JJ00";"       2"
"7908";"T001038";"10000";"G008597";"1050   ";"2014JJ00";"       1"
"7909";"T001038";"10000";"G008597";"1050   ";"2015JJ00";"       1"
"7910";"T001038";"10000";"G008597";"1050   ";"2016JJ00";"       1"
"7911";"T001038";"10000";"G008597";"1050   ";"2017JJ00";"       4"
"7912";"T001038";"10000";"G008597";"1080   ";"1995JJ00";"       0"
"7913";"T001038";"10000";"G008597";"1080   ";"1996JJ00";"       0"
"7914";"T001038";"10000";"G008597";"1080   ";"1997JJ00";"       0"
"7915";"T001038";"10000";"G008597";"1080   ";"1998JJ00";"       0"
"7916";"T001038";"10000";"G008597";"1080   ";"1999JJ00";"       0"
"7917";"T001038";"10000";"G008597";"1080   ";"2000JJ00";"       1"
"7918";"T001038";"10000";"G008597";"1080   ";"2001JJ00";"       0"
"7919";"T001038";"10000";"G008597";"1080   ";"2002JJ00";"       0"
"7920";"T001038";"10000";"G008597";"1080   ";"2003JJ00";"       1"
"7921";"T001038";"10000";"G008597";"1080   ";"2004JJ00";"       1"
"7922";"T001038";"10000";"G008597";"1080   ";"2005JJ00";"       1"
"7923";"T001038";"10000";"G008597";"1080   ";"2006JJ00";"       1"
"7924";"T001038";"10000";"G008597";"1080   ";"2007JJ00";"       1"
"7925";"T001038";"10000";"G008597";"1080   ";"2008JJ00";"       0"
"7926";"T001038";"10000";"G008597";"1080   ";"2009JJ00";"       3"
"7927";"T001038";"10000";"G008597";"1080   ";"2010JJ00";"       1"
"7928";"T001038";"10000";"G008597";"1080   ";"2011JJ00";"       0"
"7929";"T001038";"10000";"G008597";"1080   ";"2012JJ00";"       1"
"7930";"T001038";"10000";"G008597";"1080   ";"2013JJ00";"       1"
"7931";"T001038";"10000";"G008597";"1080   ";"2014JJ00";"       2"
"7932";"T001038";"10000";"G008597";"1080   ";"2015JJ00";"       3"
"7933";"T001038";"10000";"G008597";"1080   ";"2016JJ00";"       2"
"7934";"T001038";"10000";"G008597";"1080   ";"2017JJ00";"       4"
"11753";"T001038";"10000";"G008633";"1010   ";"1995JJ00";"    2454"
"11754";"T001038";"10000";"G008633";"1010   ";"1996JJ00";"    3783"
"11755";"T001038";"10000";"G008633";"1010   ";"1997JJ00";"    4674"
"11756";"T001038";"10000";"G008633";"1010   ";"1998JJ00";"    5850"
"11757";"T001038";"10000";"G008633";"1010   ";"1999JJ00";"    2738"
"11758";"T001038";"10000";"G008633";"1010   ";"2000JJ00";"    3710"
"11759";"T001038";"10000";"G008633";"1010   ";"2001JJ00";"    2547"
"11760";"T001038";"10000";"G008633";"1010   ";"2002JJ00";"    1180"
"11761";"T001038";"10000";"G008633";"1010   ";"2003JJ00";"     950"
"11762";"T001038";"10000";"G008633";"1010   ";"2004JJ00";"     873"
"11763";"T001038";"10000";"G008633";"1010   ";"2005JJ00";"     769"
"11764";"T001038";"10000";"G008633";"1010   ";"2006JJ00";"     866"
"11765";"T001038";"10000";"G008633";"1010   ";"2007JJ00";"    1720"
"11766";"T001038";"10000";"G008633";"1010   ";"2008JJ00";"    3487"
"11767";"T001038";"10000";"G008633";"1010   ";"2009JJ00";"    3043"
"11768";"T001038";"10000";"G008633";"1010   ";"2010JJ00";"    1517"
"11769";"T001038";"10000";"G008633";"1010   ";"2011JJ00";"    1286"
"11770";"T001038";"10000";"G008633";"1010   ";"2012JJ00";"    1244"
"11771";"T001038";"10000";"G008633";"1010   ";"2013JJ00";"    1213"
"11772";"T001038";"10000";"G008633";"1010   ";"2014JJ00";"     942"
"11773";"T001038";"10000";"G008633";"1010   ";"2015JJ00";"     919"
"11774";"T001038";"10000";"G008633";"1010   ";"2016JJ00";"    2250"
"11775";"T001038";"10000";"G008633";"1010   ";"2017JJ00";"    1304"
"11776";"T001038";"10000";"G008633";"1020   ";"1995JJ00";"     523"
"11777";"T001038";"10000";"G008633";"1020   ";"1996JJ00";"     870"
"11778";"T001038";"10000";"G008633";"1020   ";"1997JJ00";"    1416"
"11779";"T001038";"10000";"G008633";"1020   ";"1998JJ00";"    1483"
"11780";"T001038";"10000";"G008633";"1020   ";"1999JJ00";"     589"
"11781";"T001038";"10000";"G008633";"1020   ";"2000JJ00";"     696"
"11782";"T001038";"10000";"G008633";"1020   ";"2001JJ00";"     541"
"11783";"T001038";"10000";"G008633";"1020   ";"2002JJ00";"     341"
"11784";"T001038";"10000";"G008633";"1020   ";"2003JJ00";"     340"
"11785";"T001038";"10000";"G008633";"1020   ";"2004JJ00";"     273"
"11786";"T001038";"10000";"G008633";"1020   ";"2005JJ00";"     265"
"11787";"T001038";"10000";"G008633";"1020   ";"2006JJ00";"     325"
"11788";"T001038";"10000";"G008633";"1020   ";"2007JJ00";"     438"
"11789";"T001038";"10000";"G008633";"1020   ";"2008JJ00";"     569"
"11790";"T001038";"10000";"G008633";"1020   ";"2009JJ00";"     648"
"11791";"T001038";"10000";"G008633";"1020   ";"2010JJ00";"     601"
"11792";"T001038";"10000";"G008633";"1020   ";"2011JJ00";"     596"
"11793";"T001038";"10000";"G008633";"1020   ";"2012JJ00";"     572"
"11794";"T001038";"10000";"G008633";"1020   ";"2013JJ00";"     517"
"11795";"T001038";"10000";"G008633";"1020   ";"2014JJ00";"     471"
"11796";"T001038";"10000";"G008633";"1020   ";"2015JJ00";"     508"
"11797";"T001038";"10000";"G008633";"1020   ";"2016JJ00";"    1048"
"11798";"T001038";"10000";"G008633";"1020   ";"2017JJ00";"     661"
"11799";"T001038";"10000";"G008633";"1050   ";"1995JJ00";"       8"
"11800";"T001038";"10000";"G008633";"1050   ";"1996JJ00";"      17"
"11801";"T001038";"10000";"G008633";"1050   ";"1997JJ00";"      33"
"11802";"T001038";"10000";"G008633";"1050   ";"1998JJ00";"      30"
"11803";"T001038";"10000";"G008633";"1050   ";"1999JJ00";"       9"
"11804";"T001038";"10000";"G008633";"1050   ";"2000JJ00";"      29"
"11805";"T001038";"10000";"G008633";"1050   ";"2001JJ00";"      22"
"11806";"T001038";"10000";"G008633";"1050   ";"2002JJ00";"      10"
"11807";"T001038";"10000";"G008633";"1050   ";"2003JJ00";"      14"
"11808";"T001038";"10000";"G008633";"1050   ";"2004JJ00";"      12"
"11809";"T001038";"10000";"G008633";"1050   ";"2005JJ00";"       8"
"11810";"T001038";"10000";"G008633";"1050   ";"2006JJ00";"       3"
"11811";"T001038";"10000";"G008633";"1050   ";"2007JJ00";"      16"
"11812";"T001038";"10000";"G008633";"1050   ";"2008JJ00";"      23"
"11813";"T001038";"10000";"G008633";"1050   ";"2009JJ00";"      26"
"11814";"T001038";"10000";"G008633";"1050   ";"2010JJ00";"      25"
"11815";"T001038";"10000";"G008633";"1050   ";"2011JJ00";"      20"
"11816";"T001038";"10000";"G008633";"1050   ";"2012JJ00";"      22"
"11817";"T001038";"10000";"G008633";"1050   ";"2013JJ00";"      12"
"11818";"T001038";"10000";"G008633";"1050   ";"2014JJ00";"       8"
"11819";"T001038";"10000";"G008633";"1050   ";"2015JJ00";"       8"
"11820";"T001038";"10000";"G008633";"1050   ";"2016JJ00";"      27"
"11821";"T001038";"10000";"G008633";"1050   ";"2017JJ00";"      14"
"11822";"T001038";"10000";"G008633";"1080   ";"1995JJ00";"       5"
"11823";"T001038";"10000";"G008633";"1080   ";"1996JJ00";"       3"
"11824";"T001038";"10000";"G008633";"1080   ";"1997JJ00";"       7"
"11825";"T001038";"10000";"G008633";"1080   ";"1998JJ00";"       9"
"11826";"T001038";"10000";"G008633";"1080   ";"1999JJ00";"      10"
"11827";"T001038";"10000";"G008633";"1080   ";"2000JJ00";"      10"
"11828";"T001038";"10000";"G008633";"1080   ";"2001JJ00";"       9"
"11829";"T001038";"10000";"G008633";"1080   ";"2002JJ00";"       4"
"11830";"T001038";"10000";"G008633";"1080   ";"2003JJ00";"       7"
"11831";"T001038";"10000";"G008633";"1080   ";"2004JJ00";"       7"
"11832";"T001038";"10000";"G008633";"1080   ";"2005JJ00";"      10"
"11833";"T001038";"10000";"G008633";"1080   ";"2006JJ00";"      21"
"11834";"T001038";"10000";"G008633";"1080   ";"2007JJ00";"      30"
"11835";"T001038";"10000";"G008633";"1080   ";"2008JJ00";"      37"
"11836";"T001038";"10000";"G008633";"1080   ";"2009JJ00";"      48"
"11837";"T001038";"10000";"G008633";"1080   ";"2010JJ00";"      50"
"11838";"T001038";"10000";"G008633";"1080   ";"2011JJ00";"      54"
"11839";"T001038";"10000";"G008633";"1080   ";"2012JJ00";"      49"
"11840";"T001038";"10000";"G008633";"1080   ";"2013JJ00";"      61"
"11841";"T001038";"10000";"G008633";"1080   ";"2014JJ00";"      88"
"11842";"T001038";"10000";"G008633";"1080   ";"2015JJ00";"     100"
"11843";"T001038";"10000";"G008633";"1080   ";"2016JJ00";"     121"
"11844";"T001038";"10000";"G008633";"1080   ";"2017JJ00";"      98"
"11868";"T001038";"10000";"G008634";"1010   ";"1995JJ00";"    2288"
"11869";"T001038";"10000";"G008634";"1010   ";"1996JJ00";"    2382"
"11870";"T001038";"10000";"G008634";"1010   ";"1997JJ00";"    1371"
"11871";"T001038";"10000";"G008634";"1010   ";"1998JJ00";"     910"
"11872";"T001038";"10000";"G008634";"1010   ";"1999JJ00";"     904"
"11873";"T001038";"10000";"G008634";"1010   ";"2000JJ00";"    1367"
"11874";"T001038";"10000";"G008634";"1010   ";"2001JJ00";"    1682"
"11875";"T001038";"10000";"G008634";"1010   ";"2002JJ00";"    1057"
"11876";"T001038";"10000";"G008634";"1010   ";"2003JJ00";"     604"
"11877";"T001038";"10000";"G008634";"1010   ";"2004JJ00";"     463"
"11878";"T001038";"10000";"G008634";"1010   ";"2005JJ00";"     390"
"11879";"T001038";"10000";"G008634";"1010   ";"2006JJ00";"     505"
"11880";"T001038";"10000";"G008634";"1010   ";"2007JJ00";"     611"
"11881";"T001038";"10000";"G008634";"1010   ";"2008JJ00";"     741"
"11882";"T001038";"10000";"G008634";"1010   ";"2009JJ00";"     945"
"11883";"T001038";"10000";"G008634";"1010   ";"2010JJ00";"     987"
"11884";"T001038";"10000";"G008634";"1010   ";"2011JJ00";"    1220"
"11885";"T001038";"10000";"G008634";"1010   ";"2012JJ00";"    1043"
"11886";"T001038";"10000";"G008634";"1010   ";"2013JJ00";"    1027"
"11887";"T001038";"10000";"G008634";"1010   ";"2014JJ00";"     771"
"11888";"T001038";"10000";"G008634";"1010   ";"2015JJ00";"     823"
"11889";"T001038";"10000";"G008634";"1010   ";"2016JJ00";"    1820"
"11890";"T001038";"10000";"G008634";"1010   ";"2017JJ00";"    1260"
"11891";"T001038";"10000";"G008634";"1020   ";"1995JJ00";"     346"
"11892";"T001038";"10000";"G008634";"1020   ";"1996JJ00";"     407"
"11893";"T001038";"10000";"G008634";"1020   ";"1997JJ00";"     291"
"11894";"T001038";"10000";"G008634";"1020   ";"1998JJ00";"     213"
"11895";"T001038";"10000";"G008634";"1020   ";"1999JJ00";"     219"
"11896";"T001038";"10000";"G008634";"1020   ";"2000JJ00";"     333"
"11897";"T001038";"10000";"G008634";"1020   ";"2001JJ00";"     452"
"11898";"T001038";"10000";"G008634";"1020   ";"2002JJ00";"     352"
"11899";"T001038";"10000";"G008634";"1020   ";"2003JJ00";"     284"
"11900";"T001038";"10000";"G008634";"1020   ";"2004JJ00";"     195"
"11901";"T001038";"10000";"G008634";"1020   ";"2005JJ00";"     164"
"11902";"T001038";"10000";"G008634";"1020   ";"2006JJ00";"     152"
"11903";"T001038";"10000";"G008634";"1020   ";"2007JJ00";"     198"
"11904";"T001038";"10000";"G008634";"1020   ";"2008JJ00";"     235"
"11905";"T001038";"10000";"G008634";"1020   ";"2009JJ00";"     284"
"11906";"T001038";"10000";"G008634";"1020   ";"2010JJ00";"     428"
"11907";"T001038";"10000";"G008634";"1020   ";"2011JJ00";"     566"
"11908";"T001038";"10000";"G008634";"1020   ";"2012JJ00";"     428"
"11909";"T001038";"10000";"G008634";"1020   ";"2013JJ00";"     469"
"11910";"T001038";"10000";"G008634";"1020   ";"2014JJ00";"     347"
"11911";"T001038";"10000";"G008634";"1020   ";"2015JJ00";"     375"
"11912";"T001038";"10000";"G008634";"1020   ";"2016JJ00";"     691"
"11913";"T001038";"10000";"G008634";"1020   ";"2017JJ00";"     622"
"11914";"T001038";"10000";"G008634";"1050   ";"1995JJ00";"       2"
"11915";"T001038";"10000";"G008634";"1050   ";"1996JJ00";"      12"
"11916";"T001038";"10000";"G008634";"1050   ";"1997JJ00";"       6"
"11917";"T001038";"10000";"G008634";"1050   ";"1998JJ00";"       4"
"11918";"T001038";"10000";"G008634";"1050   ";"1999JJ00";"       4"
"11919";"T001038";"10000";"G008634";"1050   ";"2000JJ00";"      11"
"11920";"T001038";"10000";"G008634";"1050   ";"2001JJ00";"      10"
"11921";"T001038";"10000";"G008634";"1050   ";"2002JJ00";"       7"
"11922";"T001038";"10000";"G008634";"1050   ";"2003JJ00";"       3"
"11923";"T001038";"10000";"G008634";"1050   ";"2004JJ00";"       2"
"11924";"T001038";"10000";"G008634";"1050   ";"2005JJ00";"       5"
"11925";"T001038";"10000";"G008634";"1050   ";"2006JJ00";"       1"
"11926";"T001038";"10000";"G008634";"1050   ";"2007JJ00";"       2"
"11927";"T001038";"10000";"G008634";"1050   ";"2008JJ00";"       4"
"11928";"T001038";"10000";"G008634";"1050   ";"2009JJ00";"       2"
"11929";"T001038";"10000";"G008634";"1050   ";"2010JJ00";"       9"
"11930";"T001038";"10000";"G008634";"1050   ";"2011JJ00";"       5"
"11931";"T001038";"10000";"G008634";"1050   ";"2012JJ00";"       9"
"11932";"T001038";"10000";"G008634";"1050   ";"2013JJ00";"       6"
"11933";"T001038";"10000";"G008634";"1050   ";"2014JJ00";"       6"
"11934";"T001038";"10000";"G008634";"1050   ";"2015JJ00";"       3"
"11935";"T001038";"10000";"G008634";"1050   ";"2016JJ00";"      10"
"11936";"T001038";"10000";"G008634";"1050   ";"2017JJ00";"       4"
"11937";"T001038";"10000";"G008634";"1080   ";"1995JJ00";"       7"
"11938";"T001038";"10000";"G008634";"1080   ";"1996JJ00";"      17"
"11939";"T001038";"10000";"G008634";"1080   ";"1997JJ00";"      21"
"11940";"T001038";"10000";"G008634";"1080   ";"1998JJ00";"      19"
"11941";"T001038";"10000";"G008634";"1080   ";"1999JJ00";"      17"
"11942";"T001038";"10000";"G008634";"1080   ";"2000JJ00";"      22"
"11943";"T001038";"10000";"G008634";"1080   ";"2001JJ00";"      27"
"11944";"T001038";"10000";"G008634";"1080   ";"2002JJ00";"      24"
"11945";"T001038";"10000";"G008634";"1080   ";"2003JJ00";"      25"
"11946";"T001038";"10000";"G008634";"1080   ";"2004JJ00";"      13"
"11947";"T001038";"10000";"G008634";"1080   ";"2005JJ00";"      16"
"11948";"T001038";"10000";"G008634";"1080   ";"2006JJ00";"      20"
"11949";"T001038";"10000";"G008634";"1080   ";"2007JJ00";"      26"
"11950";"T001038";"10000";"G008634";"1080   ";"2008JJ00";"      35"
"11951";"T001038";"10000";"G008634";"1080   ";"2009JJ00";"      36"
"11952";"T001038";"10000";"G008634";"1080   ";"2010JJ00";"      56"
"11953";"T001038";"10000";"G008634";"1080   ";"2011JJ00";"      58"
"11954";"T001038";"10000";"G008634";"1080   ";"2012JJ00";"      53"
"11955";"T001038";"10000";"G008634";"1080   ";"2013JJ00";"      48"
"11956";"T001038";"10000";"G008634";"1080   ";"2014JJ00";"      41"
"11957";"T001038";"10000";"G008634";"1080   ";"2015JJ00";"      54"
"11958";"T001038";"10000";"G008634";"1080   ";"2016JJ00";"     116"
"11959";"T001038";"10000";"G008634";"1080   ";"2017JJ00";"      77"
"21643";"T001038";"10000";"G008723";"1010   ";"1995JJ00";"     243"
"21644";"T001038";"10000";"G008723";"1010   ";"1996JJ00";"     282"
"21645";"T001038";"10000";"G008723";"1010   ";"1997JJ00";"     339"
"21646";"T001038";"10000";"G008723";"1010   ";"1998JJ00";"     402"
"21647";"T001038";"10000";"G008723";"1010   ";"1999JJ00";"     375"
"21648";"T001038";"10000";"G008723";"1010   ";"2000JJ00";"     533"
"21649";"T001038";"10000";"G008723";"1010   ";"2001JJ00";"     580"
"21650";"T001038";"10000";"G008723";"1010   ";"2002JJ00";"     533"
"21651";"T001038";"10000";"G008723";"1010   ";"2003JJ00";"     583"
"21652";"T001038";"10000";"G008723";"1010   ";"2004JJ00";"     598"
"21653";"T001038";"10000";"G008723";"1010   ";"2005JJ00";"     469"
"21654";"T001038";"10000";"G008723";"1010   ";"2006JJ00";"     655"
"21655";"T001038";"10000";"G008723";"1010   ";"2007JJ00";"    2109"
"21656";"T001038";"10000";"G008723";"1010   ";"2008JJ00";"    2284"
"21657";"T001038";"10000";"G008723";"1010   ";"2009JJ00";"    2058"
"21658";"T001038";"10000";"G008723";"1010   ";"2010JJ00";"    2403"
"21659";"T001038";"10000";"G008723";"1010   ";"2011JJ00";"    2454"
"21660";"T001038";"10000";"G008723";"1010   ";"2012JJ00";"    2321"
"21661";"T001038";"10000";"G008723";"1010   ";"2013JJ00";"    2367"
"21662";"T001038";"10000";"G008723";"1010   ";"2014JJ00";"    4068"
"21663";"T001038";"10000";"G008723";"1010   ";"2015JJ00";"    3801"
"21664";"T001038";"10000";"G008723";"1010   ";"2016JJ00";"    4539"
"21665";"T001038";"10000";"G008723";"1010   ";"2017JJ00";"    6486"
"21666";"T001038";"10000";"G008723";"1020   ";"1995JJ00";"      52"
"21667";"T001038";"10000";"G008723";"1020   ";"1996JJ00";"      53"
"21668";"T001038";"10000";"G008723";"1020   ";"1997JJ00";"      56"
"21669";"T001038";"10000";"G008723";"1020   ";"1998JJ00";"      61"
"21670";"T001038";"10000";"G008723";"1020   ";"1999JJ00";"      56"
"21671";"T001038";"10000";"G008723";"1020   ";"2000JJ00";"     104"
"21672";"T001038";"10000";"G008723";"1020   ";"2001JJ00";"     118"
"21673";"T001038";"10000";"G008723";"1020   ";"2002JJ00";"     102"
"21674";"T001038";"10000";"G008723";"1020   ";"2003JJ00";"     120"
"21675";"T001038";"10000";"G008723";"1020   ";"2004JJ00";"     102"
"21676";"T001038";"10000";"G008723";"1020   ";"2005JJ00";"      81"
"21677";"T001038";"10000";"G008723";"1020   ";"2006JJ00";"     109"
"21678";"T001038";"10000";"G008723";"1020   ";"2007JJ00";"     259"
"21679";"T001038";"10000";"G008723";"1020   ";"2008JJ00";"     184"
"21680";"T001038";"10000";"G008723";"1020   ";"2009JJ00";"     149"
"21681";"T001038";"10000";"G008723";"1020   ";"2010JJ00";"     248"
"21682";"T001038";"10000";"G008723";"1020   ";"2011JJ00";"     318"
"21683";"T001038";"10000";"G008723";"1020   ";"2012JJ00";"     251"
"21684";"T001038";"10000";"G008723";"1020   ";"2013JJ00";"     258"
"21685";"T001038";"10000";"G008723";"1020   ";"2014JJ00";"     381"
"21686";"T001038";"10000";"G008723";"1020   ";"2015JJ00";"     392"
"21687";"T001038";"10000";"G008723";"1020   ";"2016JJ00";"     422"
"21688";"T001038";"10000";"G008723";"1020   ";"2017JJ00";"     485"
"21689";"T001038";"10000";"G008723";"1050   ";"1995JJ00";"       0"
"21690";"T001038";"10000";"G008723";"1050   ";"1996JJ00";"       0"
"21691";"T001038";"10000";"G008723";"1050   ";"1997JJ00";"       4"
"21692";"T001038";"10000";"G008723";"1050   ";"1998JJ00";"       0"
"21693";"T001038";"10000";"G008723";"1050   ";"1999JJ00";"       2"
"21694";"T001038";"10000";"G008723";"1050   ";"2000JJ00";"       1"
"21695";"T001038";"10000";"G008723";"1050   ";"2001JJ00";"       5"
"21696";"T001038";"10000";"G008723";"1050   ";"2002JJ00";"       3"
"21697";"T001038";"10000";"G008723";"1050   ";"2003JJ00";"       2"
"21698";"T001038";"10000";"G008723";"1050   ";"2004JJ00";"       0"
"21699";"T001038";"10000";"G008723";"1050   ";"2005JJ00";"       3"
"21700";"T001038";"10000";"G008723";"1050   ";"2006JJ00";"       0"
"21701";"T001038";"10000";"G008723";"1050   ";"2007JJ00";"      11"
"21702";"T001038";"10000";"G008723";"1050   ";"2008JJ00";"       1"
"21703";"T001038";"10000";"G008723";"1050   ";"2009JJ00";"       4"
"21704";"T001038";"10000";"G008723";"1050   ";"2010JJ00";"       8"
"21705";"T001038";"10000";"G008723";"1050   ";"2011JJ00";"       8"
"21706";"T001038";"10000";"G008723";"1050   ";"2012JJ00";"       6"
"21707";"T001038";"10000";"G008723";"1050   ";"2013JJ00";"       4"
"21708";"T001038";"10000";"G008723";"1050   ";"2014JJ00";"       7"
"21709";"T001038";"10000";"G008723";"1050   ";"2015JJ00";"      10"
"21710";"T001038";"10000";"G008723";"1050   ";"2016JJ00";"       9"
"21711";"T001038";"10000";"G008723";"1050   ";"2017JJ00";"       7"
"21712";"T001038";"10000";"G008723";"1080   ";"1995JJ00";"       9"
"21713";"T001038";"10000";"G008723";"1080   ";"1996JJ00";"      11"
"21714";"T001038";"10000";"G008723";"1080   ";"1997JJ00";"      17"
"21715";"T001038";"10000";"G008723";"1080   ";"1998JJ00";"      15"
"21716";"T001038";"10000";"G008723";"1080   ";"1999JJ00";"      15"
"21717";"T001038";"10000";"G008723";"1080   ";"2000JJ00";"      19"
"21718";"T001038";"10000";"G008723";"1080   ";"2001JJ00";"      16"
"21719";"T001038";"10000";"G008723";"1080   ";"2002JJ00";"      15"
"21720";"T001038";"10000";"G008723";"1080   ";"2003JJ00";"      28"
"21721";"T001038";"10000";"G008723";"1080   ";"2004JJ00";"      17"
"21722";"T001038";"10000";"G008723";"1080   ";"2005JJ00";"      17"
"21723";"T001038";"10000";"G008723";"1080   ";"2006JJ00";"      13"
"21724";"T001038";"10000";"G008723";"1080   ";"2007JJ00";"      33"
"21725";"T001038";"10000";"G008723";"1080   ";"2008JJ00";"      26"
"21726";"T001038";"10000";"G008723";"1080   ";"2009JJ00";"      16"
"21727";"T001038";"10000";"G008723";"1080   ";"2010JJ00";"      38"
"21728";"T001038";"10000";"G008723";"1080   ";"2011JJ00";"      40"
"21729";"T001038";"10000";"G008723";"1080   ";"2012JJ00";"      37"
"21730";"T001038";"10000";"G008723";"1080   ";"2013JJ00";"      35"
"21731";"T001038";"10000";"G008723";"1080   ";"2014JJ00";"      58"
"21732";"T001038";"10000";"G008723";"1080   ";"2015JJ00";"      41"
"21733";"T001038";"10000";"G008723";"1080   ";"2016JJ00";"      42"
"21734";"T001038";"10000";"G008723";"1080   ";"2017JJ00";"      41"
"24288";"T001038";"10000";"G008746";"1010   ";"1995JJ00";"     179"
"24289";"T001038";"10000";"G008746";"1010   ";"1996JJ00";"     282"
"24290";"T001038";"10000";"G008746";"1010   ";"1997JJ00";"     641"
"24291";"T001038";"10000";"G008746";"1010   ";"1998JJ00";"     909"
"24292";"T001038";"10000";"G008746";"1010   ";"1999JJ00";"     767"
"24293";"T001038";"10000";"G008746";"1010   ";"2000JJ00";"    1344"
"24294";"T001038";"10000";"G008746";"1010   ";"2001JJ00";"    1200"
"24295";"T001038";"10000";"G008746";"1010   ";"2002JJ00";"     662"
"24296";"T001038";"10000";"G008746";"1010   ";"2003JJ00";"     310"
"24297";"T001038";"10000";"G008746";"1010   ";"2004JJ00";"     116"
"24298";"T001038";"10000";"G008746";"1010   ";"2005JJ00";"     136"
"24299";"T001038";"10000";"G008746";"1010   ";"2006JJ00";"     104"
"24300";"T001038";"10000";"G008746";"1010   ";"2007JJ00";"      94"
"24301";"T001038";"10000";"G008746";"1010   ";"2008JJ00";"     126"
"24302";"T001038";"10000";"G008746";"1010   ";"2009JJ00";"     133"
"24303";"T001038";"10000";"G008746";"1010   ";"2010JJ00";"     179"
"24304";"T001038";"10000";"G008746";"1010   ";"2011JJ00";"     250"
"24305";"T001038";"10000";"G008746";"1010   ";"2012JJ00";"     152"
"24306";"T001038";"10000";"G008746";"1010   ";"2013JJ00";"     162"
"24307";"T001038";"10000";"G008746";"1010   ";"2014JJ00";"     294"
"24308";"T001038";"10000";"G008746";"1010   ";"2015JJ00";"     359"
"24309";"T001038";"10000";"G008746";"1010   ";"2016JJ00";"     377"
"24310";"T001038";"10000";"G008746";"1010   ";"2017JJ00";"     296"
"24311";"T001038";"10000";"G008746";"1020   ";"1995JJ00";"      18"
"24312";"T001038";"10000";"G008746";"1020   ";"1996JJ00";"      23"
"24313";"T001038";"10000";"G008746";"1020   ";"1997JJ00";"      66"
"24314";"T001038";"10000";"G008746";"1020   ";"1998JJ00";"     111"
"24315";"T001038";"10000";"G008746";"1020   ";"1999JJ00";"      86"
"24316";"T001038";"10000";"G008746";"1020   ";"2000JJ00";"     150"
"24317";"T001038";"10000";"G008746";"1020   ";"2001JJ00";"     174"
"24318";"T001038";"10000";"G008746";"1020   ";"2002JJ00";"     121"
"24319";"T001038";"10000";"G008746";"1020   ";"2003JJ00";"      83"
"24320";"T001038";"10000";"G008746";"1020   ";"2004JJ00";"      58"
"24321";"T001038";"10000";"G008746";"1020   ";"2005JJ00";"      42"
"24322";"T001038";"10000";"G008746";"1020   ";"2006JJ00";"      34"
"24323";"T001038";"10000";"G008746";"1020   ";"2007JJ00";"      31"
"24324";"T001038";"10000";"G008746";"1020   ";"2008JJ00";"      40"
"24325";"T001038";"10000";"G008746";"1020   ";"2009JJ00";"      48"
"24326";"T001038";"10000";"G008746";"1020   ";"2010JJ00";"      65"
"24327";"T001038";"10000";"G008746";"1020   ";"2011JJ00";"      86"
"24328";"T001038";"10000";"G008746";"1020   ";"2012JJ00";"      82"
"24329";"T001038";"10000";"G008746";"1020   ";"2013JJ00";"      70"
"24330";"T001038";"10000";"G008746";"1020   ";"2014JJ00";"      97"
"24331";"T001038";"10000";"G008746";"1020   ";"2015JJ00";"     131"
"24332";"T001038";"10000";"G008746";"1020   ";"2016JJ00";"     174"
"24333";"T001038";"10000";"G008746";"1020   ";"2017JJ00";"     107"
"24334";"T001038";"10000";"G008746";"1050   ";"1995JJ00";"       2"
"24335";"T001038";"10000";"G008746";"1050   ";"1996JJ00";"       0"
"24336";"T001038";"10000";"G008746";"1050   ";"1997JJ00";"       1"
"24337";"T001038";"10000";"G008746";"1050   ";"1998JJ00";"       3"
"24338";"T001038";"10000";"G008746";"1050   ";"1999JJ00";"       0"
"24339";"T001038";"10000";"G008746";"1050   ";"2000JJ00";"       2"
"24340";"T001038";"10000";"G008746";"1050   ";"2001JJ00";"      11"
"24341";"T001038";"10000";"G008746";"1050   ";"2002JJ00";"       3"
"24342";"T001038";"10000";"G008746";"1050   ";"2003JJ00";"       4"
"24343";"T001038";"10000";"G008746";"1050   ";"2004JJ00";"       0"
"24344";"T001038";"10000";"G008746";"1050   ";"2005JJ00";"       0"
"24345";"T001038";"10000";"G008746";"1050   ";"2006JJ00";"       3"
"24346";"T001038";"10000";"G008746";"1050   ";"2007JJ00";"       2"
"24347";"T001038";"10000";"G008746";"1050   ";"2008JJ00";"       1"
"24348";"T001038";"10000";"G008746";"1050   ";"2009JJ00";"       1"
"24349";"T001038";"10000";"G008746";"1050   ";"2010JJ00";"       2"
"24350";"T001038";"10000";"G008746";"1050   ";"2011JJ00";"       3"
"24351";"T001038";"10000";"G008746";"1050   ";"2012JJ00";"       0"
"24352";"T001038";"10000";"G008746";"1050   ";"2013JJ00";"       2"
"24353";"T001038";"10000";"G008746";"1050   ";"2014JJ00";"       1"
"24354";"T001038";"10000";"G008746";"1050   ";"2015JJ00";"       1"
"24355";"T001038";"10000";"G008746";"1050   ";"2016JJ00";"       0"
"24356";"T001038";"10000";"G008746";"1050   ";"2017JJ00";"       0"
"24357";"T001038";"10000";"G008746";"1080   ";"1995JJ00";"       1"
"24358";"T001038";"10000";"G008746";"1080   ";"1996JJ00";"       1"
"24359";"T001038";"10000";"G008746";"1080   ";"1997JJ00";"       1"
"24360";"T001038";"10000";"G008746";"1080   ";"1998JJ00";"       2"
"24361";"T001038";"10000";"G008746";"1080   ";"1999JJ00";"       2"
"24362";"T001038";"10000";"G008746";"1080   ";"2000JJ00";"       1"
"24363";"T001038";"10000";"G008746";"1080   ";"2001JJ00";"       5"
"24364";"T001038";"10000";"G008746";"1080   ";"2002JJ00";"       1"
"24365";"T001038";"10000";"G008746";"1080   ";"2003JJ00";"       2"
"24366";"T001038";"10000";"G008746";"1080   ";"2004JJ00";"       3"
"24367";"T001038";"10000";"G008746";"1080   ";"2005JJ00";"       1"
"24368";"T001038";"10000";"G008746";"1080   ";"2006JJ00";"       1"
"24369";"T001038";"10000";"G008746";"1080   ";"2007JJ00";"       3"
"24370";"T001038";"10000";"G008746";"1080   ";"2008JJ00";"       5"
"24371";"T001038";"10000";"G008746";"1080   ";"2009JJ00";"       4"
"24372";"T001038";"10000";"G008746";"1080   ";"2010JJ00";"       5"
"24373";"T001038";"10000";"G008746";"1080   ";"2011JJ00";"       4"
"24374";"T001038";"10000";"G008746";"1080   ";"2012JJ00";"       2"
"24375";"T001038";"10000";"G008746";"1080   ";"2013JJ00";"       7"
"24376";"T001038";"10000";"G008746";"1080   ";"2014JJ00";"       2"
"24377";"T001038";"10000";"G008746";"1080   ";"2015JJ00";"       2"
"24378";"T001038";"10000";"G008746";"1080   ";"2016JJ00";"       8"
"24379";"T001038";"10000";"G008746";"1080   ";"2017JJ00";"       2"
"25208";"T001038";"10000";"G008753";"1010   ";"1995JJ00";"     232"
"25209";"T001038";"10000";"G008753";"1010   ";"1996JJ00";"     250"
"25210";"T001038";"10000";"G008753";"1010   ";"1997JJ00";"     221"
"25211";"T001038";"10000";"G008753";"1010   ";"1998JJ00";"     216"
"25212";"T001038";"10000";"G008753";"1010   ";"1999JJ00";"     502"
"25213";"T001038";"10000";"G008753";"1010   ";"2000JJ00";"     726"
"25214";"T001038";"10000";"G008753";"1010   ";"2001JJ00";"     836"
"25215";"T001038";"10000";"G008753";"1010   ";"2002JJ00";"     492"
"25216";"T001038";"10000";"G008753";"1010   ";"2003JJ00";"     281"
"25217";"T001038";"10000";"G008753";"1010   ";"2004JJ00";"     164"
"25218";"T001038";"10000";"G008753";"1010   ";"2005JJ00";"     120"
"25219";"T001038";"10000";"G008753";"1010   ";"2006JJ00";"      91"
"25220";"T001038";"10000";"G008753";"1010   ";"2007JJ00";"     105"
"25221";"T001038";"10000";"G008753";"1010   ";"2008JJ00";"     132"
"25222";"T001038";"10000";"G008753";"1010   ";"2009JJ00";"     141"
"25223";"T001038";"10000";"G008753";"1010   ";"2010JJ00";"     218"
"25224";"T001038";"10000";"G008753";"1010   ";"2011JJ00";"     191"
"25225";"T001038";"10000";"G008753";"1010   ";"2012JJ00";"     388"
"25226";"T001038";"10000";"G008753";"1010   ";"2013JJ00";"    1433"
"25227";"T001038";"10000";"G008753";"1010   ";"2014JJ00";"    6006"
"25228";"T001038";"10000";"G008753";"1010   ";"2015JJ00";"   14224"
"25229";"T001038";"10000";"G008753";"1010   ";"2016JJ00";"   17888"
"25230";"T001038";"10000";"G008753";"1010   ";"2017JJ00";"   10469"
"25231";"T001038";"10000";"G008753";"1020   ";"1995JJ00";"      40"
"25232";"T001038";"10000";"G008753";"1020   ";"1996JJ00";"      47"
"25233";"T001038";"10000";"G008753";"1020   ";"1997JJ00";"      60"
"25234";"T001038";"10000";"G008753";"1020   ";"1998JJ00";"      78"
"25235";"T001038";"10000";"G008753";"1020   ";"1999JJ00";"      97"
"25236";"T001038";"10000";"G008753";"1020   ";"2000JJ00";"     171"
"25237";"T001038";"10000";"G008753";"1020   ";"2001JJ00";"     230"
"25238";"T001038";"10000";"G008753";"1020   ";"2002JJ00";"     155"
"25239";"T001038";"10000";"G008753";"1020   ";"2003JJ00";"      90"
"25240";"T001038";"10000";"G008753";"1020   ";"2004JJ00";"      55"
"25241";"T001038";"10000";"G008753";"1020   ";"2005JJ00";"      58"
"25242";"T001038";"10000";"G008753";"1020   ";"2006JJ00";"      39"
"25243";"T001038";"10000";"G008753";"1020   ";"2007JJ00";"      43"
"25244";"T001038";"10000";"G008753";"1020   ";"2008JJ00";"      56"
"25245";"T001038";"10000";"G008753";"1020   ";"2009JJ00";"      54"
"25246";"T001038";"10000";"G008753";"1020   ";"2010JJ00";"      80"
"25247";"T001038";"10000";"G008753";"1020   ";"2011JJ00";"      84"
"25248";"T001038";"10000";"G008753";"1020   ";"2012JJ00";"     129"
"25249";"T001038";"10000";"G008753";"1020   ";"2013JJ00";"     487"
"25250";"T001038";"10000";"G008753";"1020   ";"2014JJ00";"    2560"
"25251";"T001038";"10000";"G008753";"1020   ";"2015JJ00";"    6636"
"25252";"T001038";"10000";"G008753";"1020   ";"2016JJ00";"    9702"
"25253";"T001038";"10000";"G008753";"1020   ";"2017JJ00";"    6095"
"25254";"T001038";"10000";"G008753";"1050   ";"1995JJ00";"       0"
"25255";"T001038";"10000";"G008753";"1050   ";"1996JJ00";"       0"
"25256";"T001038";"10000";"G008753";"1050   ";"1997JJ00";"       1"
"25257";"T001038";"10000";"G008753";"1050   ";"1998JJ00";"       1"
"25258";"T001038";"10000";"G008753";"1050   ";"1999JJ00";"       2"
"25259";"T001038";"10000";"G008753";"1050   ";"2000JJ00";"       8"
"25260";"T001038";"10000";"G008753";"1050   ";"2001JJ00";"       6"
"25261";"T001038";"10000";"G008753";"1050   ";"2002JJ00";"       3"
"25262";"T001038";"10000";"G008753";"1050   ";"2003JJ00";"       2"
"25263";"T001038";"10000";"G008753";"1050   ";"2004JJ00";"       2"
"25264";"T001038";"10000";"G008753";"1050   ";"2005JJ00";"       0"
"25265";"T001038";"10000";"G008753";"1050   ";"2006JJ00";"       0"
"25266";"T001038";"10000";"G008753";"1050   ";"2007JJ00";"       0"
"25267";"T001038";"10000";"G008753";"1050   ";"2008JJ00";"       0"
"25268";"T001038";"10000";"G008753";"1050   ";"2009JJ00";"       0"
"25269";"T001038";"10000";"G008753";"1050   ";"2010JJ00";"       0"
"25270";"T001038";"10000";"G008753";"1050   ";"2011JJ00";"       1"
"25271";"T001038";"10000";"G008753";"1050   ";"2012JJ00";"       5"
"25272";"T001038";"10000";"G008753";"1050   ";"2013JJ00";"      12"
"25273";"T001038";"10000";"G008753";"1050   ";"2014JJ00";"      27"
"25274";"T001038";"10000";"G008753";"1050   ";"2015JJ00";"      57"
"25275";"T001038";"10000";"G008753";"1050   ";"2016JJ00";"     186"
"25276";"T001038";"10000";"G008753";"1050   ";"2017JJ00";"     174"
"25277";"T001038";"10000";"G008753";"1080   ";"1995JJ00";"       1"
"25278";"T001038";"10000";"G008753";"1080   ";"1996JJ00";"       0"
"25279";"T001038";"10000";"G008753";"1080   ";"1997JJ00";"       1"
"25280";"T001038";"10000";"G008753";"1080   ";"1998JJ00";"       0"
"25281";"T001038";"10000";"G008753";"1080   ";"1999JJ00";"       2"
"25282";"T001038";"10000";"G008753";"1080   ";"2000JJ00";"       4"
"25283";"T001038";"10000";"G008753";"1080   ";"2001JJ00";"       5"
"25284";"T001038";"10000";"G008753";"1080   ";"2002JJ00";"       2"
"25285";"T001038";"10000";"G008753";"1080   ";"2003JJ00";"       1"
"25286";"T001038";"10000";"G008753";"1080   ";"2004JJ00";"       2"
"25287";"T001038";"10000";"G008753";"1080   ";"2005JJ00";"       0"
"25288";"T001038";"10000";"G008753";"1080   ";"2006JJ00";"       2"
"25289";"T001038";"10000";"G008753";"1080   ";"2007JJ00";"       5"
"25290";"T001038";"10000";"G008753";"1080   ";"2008JJ00";"       0"
"25291";"T001038";"10000";"G008753";"1080   ";"2009JJ00";"       9"
"25292";"T001038";"10000";"G008753";"1080   ";"2010JJ00";"       7"
"25293";"T001038";"10000";"G008753";"1080   ";"2011JJ00";"       7"
"25294";"T001038";"10000";"G008753";"1080   ";"2012JJ00";"       8"
"25295";"T001038";"10000";"G008753";"1080   ";"2013JJ00";"      12"
"25296";"T001038";"10000";"G008753";"1080   ";"2014JJ00";"      26"
"25297";"T001038";"10000";"G008753";"1080   ";"2015JJ00";"      47"
"25298";"T001038";"10000";"G008753";"1080   ";"2016JJ00";"     195"
"25299";"T001038";"10000";"G008753";"1080   ";"2017JJ00";"      83"
"26933";"T001038";"10000";"G008766";"1010   ";"1995JJ00";"    2555"
"26934";"T001038";"10000";"G008766";"1010   ";"1996JJ00";"    3441"
"26935";"T001038";"10000";"G008766";"1010   ";"1997JJ00";"    3622"
"26936";"T001038";"10000";"G008766";"1010   ";"1998JJ00";"    2903"
"26937";"T001038";"10000";"G008766";"1010   ";"1999JJ00";"    2217"
"26938";"T001038";"10000";"G008766";"1010   ";"2000JJ00";"    2581"
"26939";"T001038";"10000";"G008766";"1010   ";"2001JJ00";"    2954"
"26940";"T001038";"10000";"G008766";"1010   ";"2002JJ00";"    2989"
"26941";"T001038";"10000";"G008766";"1010   ";"2003JJ00";"    3013"
"26942";"T001038";"10000";"G008766";"1010   ";"2004JJ00";"    2155"
"26943";"T001038";"10000";"G008766";"1010   ";"2005JJ00";"    1833"
"26944";"T001038";"10000";"G008766";"1010   ";"2006JJ00";"    1803"
"26945";"T001038";"10000";"G008766";"1010   ";"2007JJ00";"    1721"
"26946";"T001038";"10000";"G008766";"1010   ";"2008JJ00";"    2485"
"26947";"T001038";"10000";"G008766";"1010   ";"2009JJ00";"    2451"
"26948";"T001038";"10000";"G008766";"1010   ";"2010JJ00";"    2410"
"26949";"T001038";"10000";"G008766";"1010   ";"2011JJ00";"    2069"
"26950";"T001038";"10000";"G008766";"1010   ";"2012JJ00";"    1952"
"26951";"T001038";"10000";"G008766";"1010   ";"2013JJ00";"    1787"
"26952";"T001038";"10000";"G008766";"1010   ";"2014JJ00";"    1809"
"26953";"T001038";"10000";"G008766";"1010   ";"2015JJ00";"    1966"
"26954";"T001038";"10000";"G008766";"1010   ";"2016JJ00";"    2516"
"26955";"T001038";"10000";"G008766";"1010   ";"2017JJ00";"    3334"
"26956";"T001038";"10000";"G008766";"1020   ";"1995JJ00";"    2071"
"26957";"T001038";"10000";"G008766";"1020   ";"1996JJ00";"    2637"
"26958";"T001038";"10000";"G008766";"1020   ";"1997JJ00";"    2533"
"26959";"T001038";"10000";"G008766";"1020   ";"1998JJ00";"    2431"
"26960";"T001038";"10000";"G008766";"1020   ";"1999JJ00";"    2505"
"26961";"T001038";"10000";"G008766";"1020   ";"2000JJ00";"    2722"
"26962";"T001038";"10000";"G008766";"1020   ";"2001JJ00";"    2930"
"26963";"T001038";"10000";"G008766";"1020   ";"2002JJ00";"    3077"
"26964";"T001038";"10000";"G008766";"1020   ";"2003JJ00";"    3577"
"26965";"T001038";"10000";"G008766";"1020   ";"2004JJ00";"    2335"
"26966";"T001038";"10000";"G008766";"1020   ";"2005JJ00";"    1463"
"26967";"T001038";"10000";"G008766";"1020   ";"2006JJ00";"    1248"
"26968";"T001038";"10000";"G008766";"1020   ";"2007JJ00";"     999"
"26969";"T001038";"10000";"G008766";"1020   ";"2008JJ00";"    1404"
"26970";"T001038";"10000";"G008766";"1020   ";"2009JJ00";"    1463"
"26971";"T001038";"10000";"G008766";"1020   ";"2010JJ00";"    1777"
"26972";"T001038";"10000";"G008766";"1020   ";"2011JJ00";"    1745"
"26973";"T001038";"10000";"G008766";"1020   ";"2012JJ00";"    1668"
"26974";"T001038";"10000";"G008766";"1020   ";"2013JJ00";"    1744"
"26975";"T001038";"10000";"G008766";"1020   ";"2014JJ00";"    1506"
"26976";"T001038";"10000";"G008766";"1020   ";"2015JJ00";"    1493"
"26977";"T001038";"10000";"G008766";"1020   ";"2016JJ00";"    1683"
"26978";"T001038";"10000";"G008766";"1020   ";"2017JJ00";"    2271"
"26979";"T001038";"10000";"G008766";"1050   ";"1995JJ00";"      25"
"26980";"T001038";"10000";"G008766";"1050   ";"1996JJ00";"      19"
"26981";"T001038";"10000";"G008766";"1050   ";"1997JJ00";"      17"
"26982";"T001038";"10000";"G008766";"1050   ";"1998JJ00";"      14"
"26983";"T001038";"10000";"G008766";"1050   ";"1999JJ00";"      20"
"26984";"T001038";"10000";"G008766";"1050   ";"2000JJ00";"      15"
"26985";"T001038";"10000";"G008766";"1050   ";"2001JJ00";"      22"
"26986";"T001038";"10000";"G008766";"1050   ";"2002JJ00";"      17"
"26987";"T001038";"10000";"G008766";"1050   ";"2003JJ00";"      13"
"26988";"T001038";"10000";"G008766";"1050   ";"2004JJ00";"      13"
"26989";"T001038";"10000";"G008766";"1050   ";"2005JJ00";"       6"
"26990";"T001038";"10000";"G008766";"1050   ";"2006JJ00";"      11"
"26991";"T001038";"10000";"G008766";"1050   ";"2007JJ00";"       9"
"26992";"T001038";"10000";"G008766";"1050   ";"2008JJ00";"       6"
"26993";"T001038";"10000";"G008766";"1050   ";"2009JJ00";"      14"
"26994";"T001038";"10000";"G008766";"1050   ";"2010JJ00";"      23"
"26995";"T001038";"10000";"G008766";"1050   ";"2011JJ00";"      31"
"26996";"T001038";"10000";"G008766";"1050   ";"2012JJ00";"      24"
"26997";"T001038";"10000";"G008766";"1050   ";"2013JJ00";"      21"
"26998";"T001038";"10000";"G008766";"1050   ";"2014JJ00";"      19"
"26999";"T001038";"10000";"G008766";"1050   ";"2015JJ00";"      16"
"27000";"T001038";"10000";"G008766";"1050   ";"2016JJ00";"      21"
"27001";"T001038";"10000";"G008766";"1050   ";"2017JJ00";"      36"
"27002";"T001038";"10000";"G008766";"1080   ";"1995JJ00";"      66"
"27003";"T001038";"10000";"G008766";"1080   ";"1996JJ00";"     112"
"27004";"T001038";"10000";"G008766";"1080   ";"1997JJ00";"     119"
"27005";"T001038";"10000";"G008766";"1080   ";"1998JJ00";"     112"
"27006";"T001038";"10000";"G008766";"1080   ";"1999JJ00";"      75"
"27007";"T001038";"10000";"G008766";"1080   ";"2000JJ00";"      75"
"27008";"T001038";"10000";"G008766";"1080   ";"2001JJ00";"      87"
"27009";"T001038";"10000";"G008766";"1080   ";"2002JJ00";"      98"
"27010";"T001038";"10000";"G008766";"1080   ";"2003JJ00";"     100"
"27011";"T001038";"10000";"G008766";"1080   ";"2004JJ00";"      77"
"27012";"T001038";"10000";"G008766";"1080   ";"2005JJ00";"      91"
"27013";"T001038";"10000";"G008766";"1080   ";"2006JJ00";"     113"
"27014";"T001038";"10000";"G008766";"1080   ";"2007JJ00";"     126"
"27015";"T001038";"10000";"G008766";"1080   ";"2008JJ00";"     153"
"27016";"T001038";"10000";"G008766";"1080   ";"2009JJ00";"     171"
"27017";"T001038";"10000";"G008766";"1080   ";"2010JJ00";"     250"
"27018";"T001038";"10000";"G008766";"1080   ";"2011JJ00";"     220"
"27019";"T001038";"10000";"G008766";"1080   ";"2012JJ00";"     243"
"27020";"T001038";"10000";"G008766";"1080   ";"2013JJ00";"     257"
"27021";"T001038";"10000";"G008766";"1080   ";"2014JJ00";"     236"
"27022";"T001038";"10000";"G008766";"1080   ";"2015JJ00";"     272"
"27023";"T001038";"10000";"G008766";"1080   ";"2016JJ00";"     294"
"27024";"T001038";"10000";"G008766";"1080   ";"2017JJ00";"     287"
